band	pair	mean_coding	mean_noncoding	delta	cohen_d	std_coding	std_noncoding
B0	AT	0.394629	0.389970	0.004659	0.0258	0.177544	0.183694
B0	AG	0.149047	0.162296	-0.013249	-0.0918	0.125204	0.161194
B0	AC	0.187136	0.253177	-0.066041	-0.4121	0.139694	0.178437
B0	TG	0.196637	0.254424	-0.057787	-0.3554	0.145226	0.178248
B0	TC	0.144282	0.160159	-0.015877	-0.1127	0.121475	0.158016
B0	GC	0.190005	0.181803	0.008202	0.0497	0.141568	0.185654
B1	AT	0.320062	0.308476	0.011586	0.1246	0.089497	0.096384
B1	AG	0.086751	0.085571	0.001180	0.0206	0.057334	0.056930
B1	AC	0.100097	0.133019	-0.032922	-0.4693	0.062768	0.076827
B1	TG	0.110892	0.142190	-0.031298	-0.4312	0.065909	0.078689
B1	TC	0.078785	0.078174	0.000611	0.0110	0.054296	0.056313
B1	GC	0.111109	0.073256	0.037853	0.6311	0.065581	0.053793
B2	AT	0.289201	0.271862	0.017338	0.2035	0.070520	0.097737
B2	AG	0.092229	0.108534	-0.016305	-0.3196	0.045161	0.056259
B2	AC	0.092883	0.096689	-0.003806	-0.0822	0.045855	0.046734
B2	TG	0.103444	0.104297	-0.000852	-0.0180	0.047489	0.047387
B2	TC	0.083173	0.099296	-0.016123	-0.3359	0.043575	0.052041
B2	GC	0.085442	0.063193	0.022249	0.4615	0.045786	0.050510
B3	AT	0.174995	0.225913	-0.050918	-0.5549	0.041819	0.122844
B3	AG	0.121654	0.122837	-0.001184	-0.0315	0.038631	0.036412
B3	AC	0.110025	0.087133	0.022892	0.7003	0.033080	0.032295
B3	TG	0.121549	0.097425	0.024124	0.6925	0.034444	0.035226
B3	TC	0.108022	0.111019	-0.002997	-0.0822	0.037058	0.035816
B3	GC	0.054217	0.050898	0.003319	0.1385	0.021056	0.026560
B4	AT	0.164885	0.244847	-0.079962	-0.7212	0.050768	0.148351
B4	AG	0.141300	0.100401	0.040899	0.8835	0.052263	0.039432
B4	AC	0.103064	0.102193	0.000871	0.0191	0.038920	0.051326
B4	TG	0.115246	0.113954	0.001292	0.0275	0.039982	0.053055
B4	TC	0.124275	0.092017	0.032258	0.7372	0.048232	0.038770
B4	GC	0.040666	0.051562	-0.010896	-0.4190	0.024065	0.027812
B5	AT	0.199442	0.241257	-0.041815	-0.6262	0.031885	0.088882
B5	AG	0.109273	0.101672	0.007601	0.3219	0.026143	0.020771
B5	AC	0.098008	0.092922	0.005086	0.2201	0.022213	0.023966
B5	TG	0.109339	0.102816	0.006523	0.2842	0.021735	0.024105
B5	TC	0.096564	0.092026	0.004538	0.1903	0.025623	0.021932
B5	GC	0.053398	0.043940	0.009458	0.6493	0.013858	0.015243